time, input_signal, output_signal
0.,0,0.
0.1,0,0.
0.2,0,0.
0.30000000000000004,0,0.
0.4,0,0.
0.5,0,0.
0.6000000000000001,0,0.
0.7000000000000001,0,0.
0.8,0,0.
0.9,0,0.
1.,1,0.
1.1,1,0.09516258196404048
1.2000000000000002,1,0.1812692469220183
1.3,1,0.2591817793182821
1.4000000000000001,1,0.3296799539643608
1.5,0,0.3934693402873666
1.6,0,0.35602578194193313
1.7000000000000002,0,0.3221454492865723
1.8,0,0.2914892565644963
1.9000000000000001,0,0.2637503862950402
2.,0,0.2386512185411911
2.1,0,0.2159405523959469
2.2,0,0.19539109187920745
2.3000000000000003,0,0.17679717108320891
2.4000000000000004,0,0.15997269579899265
2.5,0,0.14474928102301254
2.6,0,0.13097456570342414
2.7,0,0.11851068785946739
2.8000000000000003,0,0.10723290481242609
2.9000000000000004,0,0.09702834471897137
3.,0,0.08779487691181709
3.1,0,0.07944008974167349
3.2,0,0.07188036569040068
3.3000000000000003,0,0.06504004449878276
3.4000000000000004,0,0.058850665933222523
3.5,0,0.05325028461271386
3.6,0,0.04818285003864797
3.7,0,0.04359764562258417
3.8000000000000003,0,0.03944878109758576
3.9000000000000004,0,0.035694733233005205
4.,0,0.03229793025603489
4.1000000000000005,0,0.029224375820775972
4.2,0,0.026443308761383566
4.3,0,0.02392689522397795
4.4,0,0.021649950096081172
4.5,0,0.01958968494554547
4.6000000000000005,0,0.017725479946265277
4.7,0,0.01603867750802679
4.800000000000001,0,0.014512395545074441
4.9,0,0.01313135851452174
5.,0,0.01188174453358426
5.1000000000000005,0,0.010751047045531315
5.2,0,0.009727949649861678
5.300000000000001,0,0.008802212843964652
5.4,0,0.007964571542735888
5.5,0,0.007206642350491954
5.6000000000000005,0,0.006520839657127686
5.7,0,0.005900299718781921
5.800000000000001,0,0.005338811963180867
5.9,0,0.0048307568321440675
6.,0,0.0043710495391567905
6.1000000000000005,0,0.00395508917911791
6.2,0,0.0035787126809350145
6.300000000000001,0,0.0032381531421098453
6.4,0,0.0029300021283117372
6.5,0,0.0026511755606214438
6.6000000000000005,0,0.0023988828490326686
6.7,0,0.0021705989632895273
6.800000000000001,0,0.0019640391615343145
6.9,0,0.0017771361238442251
7.,0,0.0016080192617976552
7.1000000000000005,0,0.001454995996997166
7.2,0,0.0013165348211755523
7.300000000000001,0,0.0011912499683469635
7.4,0,0.001077887545594458
7.5,0,0.000975312983688803
7.6000000000000005,0,0.0008824996819378761
7.7,0,0.0007985187336222443
7.800000000000001,0,0.0007225296291840655
7.9,0,0.0006537718441254059
8.,0,0.0005915572274231007
8.1,0,0.0005352631142819808
8.200000000000001,0,0.00048432609429671647
8.3,0,0.0004382363726509464
8.4,0,0.00039653266791894737
8.5,0,0.0003587975954066902
8.6,0,0.000324653489825355
8.700000000000001,0,0.00029375862548997045
8.8,0,0.00026580379621410355
8.9,0,0.00024050922067053726
9.,0,0.00021762174224526643
9.1,0,0.0001969122953616731
9.200000000000001,0,0.00017817361291461165
9.3,0,0.00016121815187186694
9.4,0,0.0001458762162802607
9.5,0,0.00013199425889187655
9.600000000000001,0,0.00011943334441133491
9.700000000000001,0,0.00010806775898453136
9.8,0,0.00009778375201241474
9.9,0,0.00008847839769676735
10.,0,0.00008005856492399044
10.100000000000001,0,0.00007243998517747485
10.200000000000001,0,0.00006554640915046317
10.3,0,0.000059308843617378315
10.4,0,0.00005366486092539535
10.5,0,0.00004855797419900387
10.600000000000001,0,0.0000439370719992338
10.700000000000001,0,0.00003975590678395591
10.8,0,0.000035972632045910835
10.9,0,0.00003254938350050196
11.,0,0.00002945190012515475
11.100000000000001,0,0.00002664918126560334
11.200000000000001,0,0.000024113176369078282
11.3,0,0.000021818504246540193
11.4,0,0.000019742199047767528
11.5,0,0.00001786348041277197
11.600000000000001,0,0.000016163545493719234
11.700000000000001,0,0.000014625380770905139
11.8,0,0.00001323359177451966
11.9,0,0.000011974249012558502
12.,0,0.000010834748559451768
12.100000000000001,0,9.803685911635718e-6
12.200000000000001,0,8.870741847522012e-6
12.3,0,8.026579149333912e-6
12.4,0,7.262749153191805e-6
12.5,0,6.571607191641071e-6
12.600000000000001,0,5.94623608363154e-6
12.700000000000001,0,5.380376904895456e-6
12.8,0,4.868366346721942e-6
12.9,0,4.405080035296827e-6
13.,0,3.985881245283096e-6
13.100000000000001,0,3.6065744946078837e-6
13.200000000000001,0,3.263363553718257e-6
13.3,0,2.9528134519729576e-6
13.4,0,2.6718160998084883e-6
13.5,0,2.417559181289164e-6
13.600000000000001,0,2.1874980075109463e-6
13.700000000000001,0,1.97933004908446e-6
13.8,0,1.7909718911246486e-6
13.9,0,1.6205383817080588e-6
14.,0,1.4663237650758276e-6
14.100000000000001,0,1.3267846096232105e-6
14.200000000000001,0,1.2005243603674387e-6
14.3,0,1.0862793625721068e-6
14.4,0,9.829062136423872e-7
14.5,0,8.893703206114267e-7
14.600000000000001,0,8.047355445350846e-7
14.700000000000001,0,7.281548324300502e-7
14.8,0,6.588617383895823e-7
14.9,0,5.961627542738768e-7
15.,0,5.394303672634493e-7
15.100000000000001,0,4.880967807707748e-7
15.200000000000001,0,4.416482307645353e-7
15.3,0,3.996198448819044e-7
15.4,0,3.615909885956725e-7
15.5,0,3.271810565808053e-7
15.600000000000001,0,2.960456624290231e-7
15.700000000000001,0,2.678731928495992e-7
15.8,0,2.423816881647056e-7
15.9,0,2.193160208996403e-7
16.,0,1.9844534204782605e-7
16.1,0,1.7956077091874079e-7
16.2,0,1.6247330436591767e-7
16.3,0,1.4701192518895567e-7
16.400000000000002,0,1.3302189083574945e-7
16.5,0,1.2036318419728076e-7
16.6,0,1.0890911283922833e-7
16.7,0,9.854504046113988e-8
16.8,0,8.91672400360477e-8
16.900000000000002,0,8.068185519682913e-8
17.,0,7.300396154263922e-8
17.1,0,6.605671609705155e-8
17.2,0,5.977058836759142e-8
17.3,0,5.408266490203317e-8
17.400000000000002,0,4.8936018903766865e-8
17.5,0,4.4279141020453494e-8
17.6,0,4.0065423534407785e-8
17.7,0,3.6252694401994745e-8
17.8,0,3.280279436967959e-8
17.900000000000002,0,2.968119572344108e-8
18.,0,2.6856656565321657e-8
18.1,0,2.4300907841556807e-8
18.2,0,2.198837067979298e-8
18.3,0,1.989590059370272e-8
18.400000000000002,0,1.8002555335350223e-8
18.5,0,1.6289385618151186e-8
18.6,0,1.4739245601802509e-8
18.7,0,1.3336621029758078e-8
18.8,0,1.2067473575960719e-8
18.900000000000002,0,1.0919101733897207e-8
19.,0,9.88001180868281e-9
19.1,0,8.939804452268163e-9
19.200000000000003,0,8.089069525318848e-9
19.3,0,7.319292838481317e-9
19.400000000000002,0,6.6227699990761835e-9
19.5,0,5.992530027754128e-9
19.6,0,5.422265414445349e-9
19.700000000000003,0,4.906268613602549e-9
19.8,0,4.439375422826686e-9
19.900000000000002,0,4.016913024429414e-9
20.,0,3.6346532450437508e-9
20.1,0,3.2887702561268384e-9
20.200000000000003,0,2.9758023822878954e-9
20.3,0,2.692617351307547e-9
20.400000000000002,0,2.4363808748262272e-9
20.5,0,2.2045286707239597e-9
20.6,0,1.994739928790068e-9
20.700000000000003,0,1.8049153283072883e-9
20.8,0,1.6331549446135796e-9
20.900000000000002,0,1.4777397083776123e-9
21.,0,1.3371141971418865e-9
21.1,0,1.209870981178085e-9
21.200000000000003,0,1.0947365236546602e-9
21.3,0,9.905586351166562e-10
21.400000000000002,0,8.962944830770425e-10
21.5,0,8.110007110317952e-10
21.6,0,7.338237795195823e-10
21.700000000000003,0,6.639913063821723e-10
21.8,0,6.008040731586561e-10
21.900000000000002,0,5.436300298811148e-10
22.,0,4.918968565803539e-10
22.1,0,4.450867452376883e-10
22.200000000000003,0,4.027310707144238e-10
22.3,0,3.644061719043634e-10
22.400000000000002,0,3.2972835573019665e-10
22.5,0,2.9835045545212324e-10
22.6,0,2.6995861102108165e-10
22.700000000000003,0,2.442687163650703e-10
22.8,0,2.2102353280928355e-10
22.900000000000002,0,1.999902465854575e-10
23.,0,1.8095880349733307e-10
23.1,0,1.6373824518467472e-10
23.200000000000003,0,1.4815648707866558e-10
23.3,0,1.3405743182204333e-10
23.400000000000002,0,1.213003031352855e-10
23.5,0,1.0975698128135036e-10
23.6,0,9.931233613258428e-11
23.700000000000003,0,8.986145161316017e-11
23.8,0,8.131006978828736e-11
23.900000000000002,0,7.357237041816234e-11
24.,0,6.657097095796871e-11
24.1,0,6.02359273571551e-11
24.200000000000003,0,5.450373485871296e-11
24.3,0,4.9316994932269154e-11
24.400000000000002,0,4.462386016257369e-11
24.5,0,4.037736811568493e-11
24.6,0,3.6534886227457264e-11
24.700000000000003,0,3.3058111803541124e-11
24.8,0,2.991229486326574e-11
24.900000000000002,0,2.706568302812684e-11
25.,0,2.449007663329894e-11
25.1,0,2.2159607482308274e-11
25.200000000000003,0,2.0050849869335252e-11
25.3,0,1.8142709556911996e-11
25.400000000000002,0,1.6416201731317415e-11
25.5,0,1.4854006913367357e-11
25.6,0,1.3440359936112145e-11
25.700000000000003,0,1.2161383011743965e-11
25.8,0,1.1004086530874702e-11
25.900000000000002,0,9.957035196350716e-12
26.,0,9.009459844833145e-12
26.1,0,8.1521456252176e-12
26.200000000000003,0,7.37632177560954e-12
26.3,0,6.6743277571390536e-12
26.400000000000002,0,6.0391691647510015e-12
26.5,0,5.464406704902558e-12
26.6,0,4.944378240168135e-12
26.700000000000003,0,4.473865722331993e-12
26.8,0,4.048206214690708e-12
26.900000000000002,0,3.662958825145779e-12
27.,0,3.31434879541348e-12
27.1,0,2.9990454564199354e-12
27.200000000000003,0,2.7136071167888076e-12
27.3,0,2.4553692412609962e-12
27.400000000000002,0,2.2216672945774008e-12
27.5,0,2.010280830688771e-12
27.6,0,1.818878381243394e-12
27.700000000000003,0,1.6459056340067946e-12
27.8,0,1.489253165232185e-12
27.900000000000002,0,1.3474776849875525e-12
28.,0,1.2193579479458094e-12
28.1,0,1.1033396418724806e-12
28.200000000000003,0,9.982015214404782e-13
28.3,0,9.031664305325648e-13
28.400000000000002,0,8.173461907290402e-13
28.5,0,7.395195567028168e-13
28.6,0,6.691314169415818e-13
28.700000000000003,0,6.055156376305604e-13
28.8,0,5.478950626525148e-13
28.900000000000002,0,4.957145804951324e-13
29.,0,4.4853010194856324e-13
29.1,0,4.0589753780295723e-13
29.200000000000003,0,3.672617765460018e-13
29.3,0,3.3228975127030935e-13
29.400000000000002,0,3.006483950684924e-13
29.5,0,2.7211566333562587e-13
29.6,0,2.461364445593972e-13
29.700000000000003,0,2.227107387398064e-13
29.8,0,2.0161650127192843e-13
29.900000000000002,0,1.8240964294591322e-13
30.,0,1.6497914145929826e-13
30.1,0,1.4932499681208355e-13
30.200000000000003,0,1.3511414209688155e-13
30.3,0,1.2223555501122974e-13
30.400000000000002,0,1.1057821325266559e-13
30.5,0,1.000310945187266e-13
30.6,0,9.059419880941277e-14
30.700000000000003,0,8.193445921733655e-14
30.8,0,7.416289804496046e-14
30.900000000000002,0,6.705747068735946e-14
31.,0,6.072919944699606e-14
31.1,0,5.484501741648273e-14
31.200000000000003,0,4.973799150320701e-14
31.3,0,4.496403249731884e-14
31.400000000000002,0,4.0745185003743245e-14
31.5,0,3.68594044175552e-14
31.6,0,3.3306690738754696e-14
31.700000000000003,0,3.008704396734174e-14
31.8,0,2.7200464103316335e-14
31.900000000000002,0,2.4646951146678475e-14
32.,0,2.2315482794965646e-14
32.1,0,2.020605904817785e-14
32.2,0,1.8318679906315083e-14
32.300000000000004,0,1.6542323066914832e-14
32.4,0,1.4988010832439613e-14
32.5,0,1.354472090042691e-14
32.6,0,1.2323475573339238e-14
32.7,0,1.1102230246251565e-14
32.800000000000004,0,1.0103029524088925e-14
32.9,0,9.103828801926284e-15
33.,0,8.215650382226158e-15
33.1,0,7.438494264988549e-15
33.2,0,6.772360450213455e-15
33.300000000000004,0,5.995204332975845e-15
33.4,0,5.551115123125783e-15
33.5,0,4.9960036108132044e-15
33.6,0,4.440892098500626e-15
33.7,0,3.9968028886505635e-15
33.800000000000004,0,3.774758283725532e-15
33.9,0,3.3306690738754696e-15
34.,0,2.9976021664879227e-15
34.1,0,2.7755575615628914e-15
34.2,0,2.55351295663786e-15
34.300000000000004,0,2.220446049250313e-15
34.4,0,1.9984014443252818e-15
34.5,0,1.887379141862766e-15
34.6,0,1.6653345369377348e-15
34.7,0,1.4432899320127035e-15
34.800000000000004,0,1.3322676295501878e-15
34.9,0,1.2212453270876722e-15
35.,0,1.1102230246251565e-15
35.1,0,9.992007221626409e-16
35.2,0,8.881784197001252e-16
35.300000000000004,0,8.881784197001252e-16
35.4,0,7.771561172376096e-16
35.5,0,6.661338147750939e-16
35.6,0,6.661338147750939e-16
35.7,0,5.551115123125783e-16
35.800000000000004,0,4.440892098500626e-16
35.9,0,4.440892098500626e-16
36.,0,3.3306690738754696e-16
36.1,0,3.3306690738754696e-16
36.2,0,3.3306690738754696e-16
36.300000000000004,0,3.3306690738754696e-16
36.4,0,2.220446049250313e-16
36.5,0,3.3306690738754696e-16
36.6,0,2.220446049250313e-16
36.7,0,2.220446049250313e-16
36.800000000000004,0,1.1102230246251565e-16
36.9,0,2.220446049250313e-16
37.,0,1.1102230246251565e-16
37.1,0,1.1102230246251565e-16
37.2,0,1.1102230246251565e-16
37.300000000000004,0,1.1102230246251565e-16
37.4,0,1.1102230246251565e-16
37.5,0,1.1102230246251565e-16
37.6,0,1.1102230246251565e-16
37.7,0,1.1102230246251565e-16
37.800000000000004,0,1.1102230246251565e-16
37.9,0,0.
38.,0,0.
38.1,0,0.
38.2,0,0.
38.300000000000004,0,0.
38.400000000000006,0,0.
38.5,0,1.1102230246251565e-16
38.6,0,1.1102230246251565e-16
38.7,0,1.1102230246251565e-16
38.800000000000004,0,1.1102230246251565e-16
38.900000000000006,0,1.1102230246251565e-16
39.,0,0.
39.1,0,0.
39.2,0,0.
39.300000000000004,0,0.
39.400000000000006,0,0.
39.5,0,0.
39.6,0,0.
39.7,0,0.
39.800000000000004,0,0.
39.900000000000006,0,0.
40.,0,0.
40.1,0,0.
40.2,0,0.
40.300000000000004,0,0.
40.400000000000006,0,0.
40.5,0,0.
40.6,0,0.
40.7,0,0.
40.800000000000004,0,0.
40.900000000000006,0,0.
41.,0,0.
41.1,0,0.
41.2,0,0.
41.300000000000004,0,0.
41.400000000000006,0,0.
41.5,0,0.
41.6,0,0.
41.7,0,0.
41.800000000000004,0,0.
41.900000000000006,0,0.
42.,0,0.
42.1,0,0.
42.2,0,0.
42.300000000000004,0,0.
42.400000000000006,0,0.
42.5,0,0.
42.6,0,0.
42.7,0,0.
42.800000000000004,0,0.
42.900000000000006,0,0.
43.,0,0.
43.1,0,0.
43.2,0,0.
43.300000000000004,0,0.
43.400000000000006,0,0.
43.5,0,0.
43.6,0,0.
43.7,0,0.
43.800000000000004,0,0.
43.900000000000006,0,0.
44.,0,0.
44.1,0,0.
44.2,0,0.
44.300000000000004,0,0.
44.400000000000006,0,0.
44.5,0,0.
44.6,0,0.
44.7,0,0.
44.800000000000004,0,0.
44.900000000000006,0,0.
45.,0,0.
45.1,0,0.
45.2,0,0.
45.300000000000004,0,0.
45.400000000000006,0,0.
45.5,0,0.
45.6,0,0.
45.7,0,0.
45.800000000000004,0,0.
45.900000000000006,0,0.
46.,0,0.
46.1,0,0.
46.2,0,0.
46.300000000000004,0,0.
46.400000000000006,0,0.
46.5,0,0.
46.6,0,0.
46.7,0,0.
46.800000000000004,0,0.
46.900000000000006,0,0.
47.,0,0.
47.1,0,0.
47.2,0,0.
47.300000000000004,0,0.
47.400000000000006,0,0.
47.5,0,0.
47.6,0,0.
47.7,0,0.
47.800000000000004,0,0.
47.900000000000006,0,0.
48.,0,0.
48.1,0,0.
48.2,0,0.
48.300000000000004,0,0.
48.400000000000006,0,0.
48.5,0,0.
48.6,0,0.
48.7,0,0.
48.800000000000004,0,0.
48.900000000000006,0,0.
49.,0,0.
49.1,0,0.
49.2,0,0.
49.300000000000004,0,0.
49.400000000000006,0,0.
49.5,0,0.
49.6,0,0.
49.7,0,0.
49.800000000000004,0,0.
49.900000000000006,0,0.
50.,0,0.
50.1,0,0.
50.2,0,0.
50.300000000000004,0,0.
50.400000000000006,0,0.
50.5,0,0.
50.6,0,0.
50.7,0,0.
50.800000000000004,0,0.
50.900000000000006,0,0.
51.,0,0.
51.1,0,0.
51.2,0,0.
51.300000000000004,0,0.
51.400000000000006,0,0.
51.5,0,0.
51.6,0,0.
51.7,0,0.
51.800000000000004,0,0.
51.900000000000006,0,0.
52.,0,0.
52.1,0,0.
52.2,0,0.
52.300000000000004,0,0.
52.400000000000006,0,0.
52.5,0,0.
52.6,0,0.
52.7,0,0.
52.800000000000004,0,0.
52.900000000000006,0,0.
53.,0,0.
53.1,0,0.
53.2,0,0.
53.300000000000004,0,0.
53.400000000000006,0,0.
53.5,0,0.
53.6,0,0.
53.7,0,0.
53.800000000000004,0,0.
53.900000000000006,0,0.
54.,0,0.
54.1,0,0.
54.2,0,0.
54.300000000000004,0,0.
54.400000000000006,0,0.
54.5,0,0.
54.6,0,0.
54.7,0,0.
54.800000000000004,0,0.
54.900000000000006,0,0.
55.,0,0.
55.1,0,0.
55.2,0,0.
55.300000000000004,0,0.
55.400000000000006,0,0.
55.5,0,0.
55.6,0,0.
55.7,0,0.
55.800000000000004,0,0.
55.900000000000006,0,0.
56.,0,0.
56.1,0,0.
56.2,0,0.
56.300000000000004,0,0.
56.400000000000006,0,0.
56.5,0,0.
56.6,0,0.
56.7,0,0.
56.800000000000004,0,0.
56.900000000000006,0,0.
57.,0,0.
57.1,0,0.
57.2,0,0.
57.300000000000004,0,0.
57.400000000000006,0,0.
57.5,0,0.
57.6,0,0.
57.7,0,0.
57.800000000000004,0,0.
57.900000000000006,0,0.
58.,0,0.
58.1,0,0.
58.2,0,0.
58.300000000000004,0,0.
58.400000000000006,0,0.
58.5,0,0.
58.6,0,0.
58.7,0,0.
58.800000000000004,0,0.
58.900000000000006,0,0.
59.,0,0.
59.1,0,0.
59.2,0,0.
59.300000000000004,0,0.
59.400000000000006,0,0.
59.5,0,0.
59.6,0,0.
59.7,0,0.
59.800000000000004,0,0.
59.900000000000006,0,0.
60.,0,0.
60.1,0,0.
60.2,0,0.
60.300000000000004,0,0.
60.400000000000006,0,0.
60.5,0,0.
60.6,0,0.
60.7,0,0.
60.800000000000004,0,0.
60.900000000000006,0,0.
61.,0,0.
61.1,0,0.
61.2,0,0.
61.300000000000004,0,0.
61.400000000000006,0,0.
61.5,0,0.
61.6,0,0.
61.7,0,0.
61.800000000000004,0,0.
61.900000000000006,0,0.
62.,0,0.
62.1,0,0.
62.2,0,0.
62.300000000000004,0,0.
62.400000000000006,0,0.
62.5,0,0.
62.6,0,0.
62.7,0,0.
62.800000000000004,0,0.
62.900000000000006,0,0.
63.,0,0.
63.1,0,0.
63.2,0,0.
63.300000000000004,0,0.
63.400000000000006,0,0.
63.5,0,0.
63.6,0,0.
63.7,0,0.
63.800000000000004,0,0.
63.900000000000006,0,0.
64.,0,0.
64.10000000000001,0,0.
64.2,0,0.
64.30000000000001,0,0.
64.4,0,0.
64.5,0,0.
64.60000000000001,0,0.
64.7,0,0.
64.80000000000001,0,0.
64.9,0,0.
65.,0,0.
65.10000000000001,0,0.
65.2,0,0.
65.30000000000001,0,0.
65.4,0,0.
65.5,0,0.
65.60000000000001,0,0.
65.7,0,0.
65.80000000000001,0,0.
65.9,0,0.
66.,0,0.
66.10000000000001,0,0.
66.2,0,0.
66.30000000000001,0,0.
66.4,0,0.
66.5,0,0.
66.60000000000001,0,0.
66.7,0,0.
66.80000000000001,0,0.
66.9,0,0.
67.,0,0.
67.10000000000001,0,0.
67.2,0,0.
67.30000000000001,0,0.
67.4,0,0.
67.5,0,0.
67.60000000000001,0,0.
67.7,0,0.
67.80000000000001,0,0.
67.9,0,0.
68.,0,0.
68.10000000000001,0,0.
68.2,0,0.
68.30000000000001,0,0.
68.4,0,0.
68.5,0,0.
68.60000000000001,0,0.
68.7,0,0.
68.80000000000001,0,0.
68.9,0,0.
69.,0,0.
69.10000000000001,0,0.
69.2,0,0.
69.30000000000001,0,0.
69.4,0,0.
69.5,0,0.
69.60000000000001,0,0.
69.7,0,0.
69.80000000000001,0,0.
69.9,0,0.
70.,0,0.
70.10000000000001,0,0.
70.2,0,0.
70.30000000000001,0,0.
70.4,0,0.
70.5,0,0.
70.60000000000001,0,0.
70.7,0,0.
70.80000000000001,0,0.
70.9,0,0.
71.,0,0.
71.10000000000001,0,0.
71.2,0,0.
71.30000000000001,0,0.
71.4,0,0.
71.5,0,0.
71.60000000000001,0,0.
71.7,0,0.
71.80000000000001,0,0.
71.9,0,0.
72.,0,0.
72.10000000000001,0,0.
72.2,0,0.
72.30000000000001,0,0.
72.4,0,0.
72.5,0,0.
72.60000000000001,0,0.
72.7,0,0.
72.80000000000001,0,0.
72.9,0,0.
73.,0,0.
73.10000000000001,0,0.
73.2,0,0.
73.30000000000001,0,0.
73.4,0,0.
73.5,0,0.
73.60000000000001,0,0.
73.7,0,0.
73.80000000000001,0,0.
73.9,0,0.
74.,0,0.
74.10000000000001,0,0.
74.2,0,0.
74.30000000000001,0,0.
74.4,0,0.
74.5,0,0.
74.60000000000001,0,0.
74.7,0,0.
74.80000000000001,0,0.
74.9,0,0.
75.,0,0.
75.10000000000001,0,0.
75.2,0,0.
75.30000000000001,0,0.
75.4,0,0.
75.5,0,0.
75.60000000000001,0,0.
75.7,0,0.
75.80000000000001,0,0.
75.9,0,0.
76.,0,0.
76.10000000000001,0,0.
76.2,0,0.
76.30000000000001,0,0.
76.4,0,0.
76.5,0,0.
76.60000000000001,0,0.
76.7,0,0.
76.80000000000001,0,0.
76.9,0,0.
77.,0,0.
77.10000000000001,0,0.
77.2,0,0.
77.30000000000001,0,0.
77.4,0,0.
77.5,0,0.
77.60000000000001,0,0.
77.7,0,0.
77.80000000000001,0,0.
77.9,0,0.
78.,0,0.
78.10000000000001,0,0.
78.2,0,0.
78.30000000000001,0,0.
78.4,0,0.
78.5,0,0.
78.60000000000001,0,0.
78.7,0,0.
78.80000000000001,0,0.
78.9,0,0.
79.,0,0.
79.10000000000001,0,0.
79.2,0,0.
79.30000000000001,0,0.
79.4,0,0.
79.5,0,0.
79.60000000000001,0,0.
79.7,0,0.
79.80000000000001,0,0.
79.9,0,0.
80.,0,0.
80.10000000000001,0,0.
80.2,0,0.
80.30000000000001,0,0.
80.4,0,0.
80.5,0,0.
80.60000000000001,0,0.
80.7,0,0.
80.80000000000001,0,0.
80.9,0,0.
81.,0,0.
81.10000000000001,0,0.
81.2,0,0.
81.30000000000001,0,0.
81.4,0,0.
81.5,0,0.
81.60000000000001,0,0.
81.7,0,0.
81.80000000000001,0,0.
81.9,0,0.
82.,0,0.
82.10000000000001,0,0.
82.2,0,0.
82.30000000000001,0,0.
82.4,0,0.
82.5,0,0.
82.60000000000001,0,0.
82.7,0,0.
82.80000000000001,0,0.
82.9,0,0.
83.,0,0.
83.10000000000001,0,0.
83.2,0,0.
83.30000000000001,0,0.
83.4,0,0.
83.5,0,0.
83.6,0,0.
83.7,0,0.
83.80000000000001,0,0.
83.9,0,0.
84.,0,0.
84.1,0,0.
84.2,0,0.
84.30000000000001,0,0.
84.4,0,0.
84.5,0,0.
84.6,0,0.
84.7,0,0.
84.80000000000001,0,0.
84.9,0,0.
85.,0,0.
85.1,0,0.
85.2,0,0.
85.30000000000001,0,0.
85.4,0,0.
85.5,0,0.
85.6,0,0.
85.7,0,0.
85.80000000000001,0,0.
85.9,0,0.
86.,0,0.
86.1,0,0.
86.2,0,0.
86.30000000000001,0,0.
86.4,0,0.
86.5,0,0.
86.6,0,0.
86.7,0,0.
86.80000000000001,0,0.
86.9,0,0.
87.,0,0.
87.1,0,0.
87.2,0,0.
87.30000000000001,0,0.
87.4,0,0.
87.5,0,0.
87.6,0,0.
87.7,0,0.
87.80000000000001,0,0.
87.9,0,0.
88.,0,0.
88.1,0,0.
88.2,0,0.
88.30000000000001,0,0.
88.4,0,0.
88.5,0,0.
88.6,0,0.
88.7,0,0.
88.80000000000001,0,0.
88.9,0,0.
89.,0,0.
89.1,0,0.
89.2,0,0.
89.30000000000001,0,0.
89.4,0,0.
89.5,0,0.
89.60000000000001,0,0.
89.7,0,0.
89.80000000000001,0,0.
89.9,0,0.
90.,0,0.
90.10000000000001,0,0.
90.2,0,0.
90.30000000000001,0,0.
90.4,0,0.
90.5,0,0.
90.60000000000001,0,0.
90.7,0,0.
90.80000000000001,0,0.
90.9,0,0.
91.,0,0.
91.10000000000001,0,0.
91.2,0,0.
91.30000000000001,0,0.
91.4,0,0.
91.5,0,0.
91.60000000000001,0,0.
91.7,0,0.
91.80000000000001,0,0.
91.9,0,0.
92.,0,0.
92.10000000000001,0,0.
92.2,0,0.
92.30000000000001,0,0.
92.4,0,0.
92.5,0,0.
92.60000000000001,0,0.
92.7,0,0.
92.80000000000001,0,0.
92.9,0,0.
93.,0,0.
93.10000000000001,0,0.
93.2,0,0.
93.30000000000001,0,0.
93.4,0,0.
93.5,0,0.
93.60000000000001,0,0.
93.7,0,0.
93.80000000000001,0,0.
93.9,0,0.
94.,0,0.
94.10000000000001,0,0.
94.2,0,0.
94.30000000000001,0,0.
94.4,0,0.
94.5,0,0.
94.60000000000001,0,0.
94.7,0,0.
94.80000000000001,0,0.
94.9,0,0.
95.,0,0.
95.10000000000001,0,0.
95.2,0,0.
95.30000000000001,0,0.
95.4,0,0.
95.5,0,0.
95.60000000000001,0,0.
95.7,0,0.
95.80000000000001,0,0.
95.9,0,0.
96.,0,0.
96.10000000000001,0,0.
96.2,0,0.
96.30000000000001,0,0.
96.4,0,0.
96.5,0,0.
96.60000000000001,0,0.
96.7,0,0.
96.80000000000001,0,0.
96.9,0,0.
97.,0,0.
97.10000000000001,0,0.
97.2,0,0.
97.30000000000001,0,0.
97.4,0,0.
97.5,0,0.
97.60000000000001,0,0.
97.7,0,0.
97.80000000000001,0,0.
97.9,0,0.
98.,0,0.
98.10000000000001,0,0.
98.2,0,0.
98.30000000000001,0,0.
98.4,0,0.
98.5,0,0.
98.60000000000001,0,0.
98.7,0,0.
98.80000000000001,0,0.
98.9,0,0.
99.,0,0.
99.10000000000001,0,0.
99.2,0,0.
99.30000000000001,0,0.
99.4,0,0.
99.5,0,0.
99.60000000000001,0,0.
99.7,0,0.
99.80000000000001,0,0.
99.9,0,0.
100.,0,0.
100.10000000000001,0,0.
100.2,0,0.
100.30000000000001,0,0.
100.4,0,0.
100.5,0,0.
100.60000000000001,0,0.
100.7,0,0.
100.80000000000001,0,0.
100.9,0,0.
101.,0,0.
101.10000000000001,0,0.
101.2,0,0.
101.30000000000001,0,0.
101.4,0,0.
101.5,0,0.
101.60000000000001,0,0.
101.7,0,0.
101.80000000000001,0,0.
101.9,0,0.
102.,0,0.
102.10000000000001,0,0.
102.2,0,0.
102.30000000000001,0,0.
102.4,0,0.
102.5,0,0.
102.60000000000001,0,0.
102.7,0,0.
102.80000000000001,0,0.
102.9,0,0.
103.,0,0.
103.10000000000001,0,0.
103.2,0,0.
103.30000000000001,0,0.
103.4,0,0.
103.5,0,0.
103.60000000000001,0,0.
103.7,0,0.
103.80000000000001,0,0.
103.9,0,0.
104.,0,0.
104.10000000000001,0,0.
104.2,0,0.
104.30000000000001,0,0.
104.4,0,0.
104.5,0,0.
104.60000000000001,0,0.
104.7,0,0.
104.80000000000001,0,0.
104.9,0,0.
105.,0,0.
105.10000000000001,0,0.
105.2,0,0.
105.30000000000001,0,0.
105.4,0,0.
105.5,0,0.
105.60000000000001,0,0.
105.7,0,0.
105.80000000000001,0,0.
105.9,0,0.
106.,0,0.
106.10000000000001,0,0.
106.2,0,0.
106.30000000000001,0,0.
106.4,0,0.
106.5,0,0.
106.60000000000001,0,0.
106.7,0,0.
106.80000000000001,0,0.
106.9,0,0.
107.,0,0.
107.10000000000001,0,0.
107.2,0,0.
107.30000000000001,0,0.
107.4,0,0.
107.5,0,0.
107.60000000000001,0,0.
107.7,0,0.
107.80000000000001,0,0.
107.9,0,0.
108.,0,0.
108.10000000000001,0,0.
108.2,0,0.
108.30000000000001,0,0.
108.4,0,0.
108.5,0,0.
108.60000000000001,0,0.
108.7,0,0.
108.80000000000001,0,0.
108.9,0,0.
109.,0,0.
109.10000000000001,0,0.
109.2,0,0.
109.30000000000001,0,0.
109.4,0,0.
109.5,0,0.
109.60000000000001,0,0.
109.7,0,0.
109.80000000000001,0,0.
109.9,0,0.
110.,0,0.
110.10000000000001,0,0.
110.2,0,0.
110.30000000000001,0,0.
110.4,0,0.
110.5,0,0.
110.60000000000001,0,0.
110.7,0,0.
110.80000000000001,0,0.
110.9,0,0.
111.,0,0.
111.10000000000001,0,0.
111.2,0,0.
111.30000000000001,0,0.
111.4,0,0.
111.5,0,0.
111.60000000000001,0,0.
111.7,0,0.
111.80000000000001,0,0.
111.9,0,0.
112.,0,0.
112.10000000000001,0,0.
112.2,0,0.
112.30000000000001,0,0.
112.4,0,0.
112.5,0,0.
112.60000000000001,0,0.
112.7,0,0.
112.80000000000001,0,0.
112.9,0,0.
113.,0,0.
113.10000000000001,0,0.
113.2,0,0.
113.30000000000001,0,0.
113.4,0,0.
113.5,0,0.
113.60000000000001,0,0.
113.7,0,0.
113.80000000000001,0,0.
113.9,0,0.
114.,0,0.
114.10000000000001,0,0.
114.2,0,0.
114.30000000000001,0,0.
114.4,0,0.
114.5,0,0.
114.60000000000001,0,0.
114.7,0,0.
114.80000000000001,0,0.
114.9,0,0.
115.,0,0.
115.10000000000001,0,0.
115.2,0,0.
115.30000000000001,0,0.
115.4,0,0.
115.5,0,0.
115.60000000000001,0,0.
115.7,0,0.
115.80000000000001,0,0.
115.9,0,0.
116.,0,0.
116.10000000000001,0,0.
116.2,0,0.
116.30000000000001,0,0.
116.4,0,0.
116.5,0,0.
116.60000000000001,0,0.
116.7,0,0.
116.80000000000001,0,0.
116.9,0,0.
117.,0,0.
117.10000000000001,0,0.
117.2,0,0.
117.30000000000001,0,0.
117.4,0,0.
117.5,0,0.
117.60000000000001,0,0.
117.7,0,0.
117.80000000000001,0,0.
117.9,0,0.
118.,0,0.
118.10000000000001,0,0.
118.2,0,0.
118.30000000000001,0,0.
118.4,0,0.
118.5,0,0.
118.60000000000001,0,0.
118.7,0,0.
118.80000000000001,0,0.
118.9,0,0.
119.,0,0.
119.10000000000001,0,0.
119.2,0,0.
119.30000000000001,0,0.
119.4,0,0.
119.5,0,0.
119.60000000000001,0,0.
119.7,0,0.
119.80000000000001,0,0.
119.9,0,0.
120.,0,0.
120.10000000000001,0,0.
120.2,0,0.
120.30000000000001,0,0.
120.4,0,0.
120.5,0,0.
120.60000000000001,0,0.
120.7,0,0.
120.80000000000001,0,0.
120.9,0,0.
121.,0,0.
121.10000000000001,0,0.
121.2,0,0.
121.30000000000001,0,0.
121.4,0,0.
121.5,0,0.
121.60000000000001,0,0.
121.7,0,0.
121.80000000000001,0,0.
121.9,0,0.
122.,0,0.
122.10000000000001,0,0.
122.2,0,0.
122.30000000000001,0,0.
122.4,0,0.
122.5,0,0.
122.60000000000001,0,0.
122.7,0,0.
122.80000000000001,0,0.
122.9,0,0.
123.,0,0.
123.10000000000001,0,0.
123.2,0,0.
123.30000000000001,0,0.
123.4,0,0.
123.5,0,0.
123.60000000000001,0,0.
123.7,0,0.
123.80000000000001,0,0.
123.9,0,0.
124.,0,0.
124.10000000000001,0,0.
124.2,0,0.
124.30000000000001,0,0.
124.4,0,0.
124.5,0,0.
124.60000000000001,0,0.
124.7,0,0.
124.80000000000001,0,0.
124.9,0,0.
125.,0,0.
125.10000000000001,0,0.
125.2,0,0.
125.30000000000001,0,0.
125.4,0,0.
125.5,0,0.
125.60000000000001,0,0.
125.7,0,0.
125.80000000000001,0,0.
125.9,0,0.
126.,0,0.
126.10000000000001,0,0.
126.2,0,0.
126.30000000000001,0,0.
126.4,0,0.
126.5,0,0.
126.60000000000001,0,0.
126.7,0,0.
126.80000000000001,0,0.
126.9,0,0.
127.,0,0.
127.10000000000001,0,0.
127.2,0,0.
127.30000000000001,0,0.
127.4,0,0.
127.5,0,0.
127.60000000000001,0,0.
127.7,0,0.
127.80000000000001,0,0.
127.9,0,0.
128.,0,0.
128.10000000000002,0,0.
128.20000000000002,0,0.
128.3,0,0.
128.4,0,0.
128.5,0,0.
128.60000000000002,0,0.
128.70000000000002,0,0.
128.8,0,0.
128.9,0,0.
129.,0,0.
129.10000000000002,0,0.
129.20000000000002,0,0.
129.3,0,0.
129.4,0,0.
129.5,0,0.
129.60000000000002,0,0.
129.70000000000002,0,0.
129.8,0,0.
129.9,0,0.
130.,0,0.
130.10000000000002,0,0.
130.20000000000002,0,0.
130.3,0,0.
130.4,0,0.
130.5,0,0.
130.60000000000002,0,0.
130.70000000000002,0,0.
130.8,0,0.
130.9,0,0.
131.,0,0.
131.10000000000002,0,0.
131.20000000000002,0,0.
131.3,0,0.
131.4,0,0.
131.5,0,0.
131.60000000000002,0,0.
131.70000000000002,0,0.
131.8,0,0.
131.9,0,0.
132.,0,0.
132.10000000000002,0,0.
132.20000000000002,0,0.
132.3,0,0.
132.4,0,0.
132.5,0,0.
132.60000000000002,0,0.
132.70000000000002,0,0.
132.8,0,0.
132.9,0,0.
133.,0,0.
133.10000000000002,0,0.
133.20000000000002,0,0.
133.3,0,0.
133.4,0,0.
133.5,0,0.
133.60000000000002,0,0.
133.70000000000002,0,0.
133.8,0,0.
133.9,0,0.
134.,0,0.
134.10000000000002,0,0.
134.20000000000002,0,0.
134.3,0,0.
134.4,0,0.
134.5,0,0.
134.60000000000002,0,0.
134.70000000000002,0,0.
134.8,0,0.
134.9,0,0.
135.,0,0.
135.10000000000002,0,0.
135.20000000000002,0,0.
135.3,0,0.
135.4,0,0.
135.5,0,0.
135.60000000000002,0,0.
135.70000000000002,0,0.
135.8,0,0.
135.9,0,0.
136.,0,0.
136.10000000000002,0,0.
136.20000000000002,0,0.
136.3,0,0.
136.4,0,0.
136.5,0,0.
136.60000000000002,0,0.
136.70000000000002,0,0.
136.8,0,0.
136.9,0,0.
137.,0,0.
137.10000000000002,0,0.
137.20000000000002,0,0.
137.3,0,0.
137.4,0,0.
137.5,0,0.
137.60000000000002,0,0.
137.70000000000002,0,0.
137.8,0,0.
137.9,0,0.
138.,0,0.
138.10000000000002,0,0.
138.20000000000002,0,0.
138.3,0,0.
138.4,0,0.
138.5,0,0.
138.60000000000002,0,0.
138.70000000000002,0,0.
138.8,0,0.
138.9,0,0.
139.,0,0.
139.10000000000002,0,0.
139.20000000000002,0,0.
139.3,0,0.
139.4,0,0.
139.5,0,0.
139.60000000000002,0,0.
139.70000000000002,0,0.
139.8,0,0.
139.9,0,0.
140.,0,0.
140.10000000000002,0,0.
140.20000000000002,0,0.
140.3,0,0.
140.4,0,0.
140.5,0,0.
140.60000000000002,0,0.
140.70000000000002,0,0.
140.8,0,0.
140.9,0,0.
141.,0,0.
141.10000000000002,0,0.
141.20000000000002,0,0.
141.3,0,0.
141.4,0,0.
141.5,0,0.
141.60000000000002,0,0.
141.70000000000002,0,0.
141.8,0,0.
141.9,0,0.
142.,0,0.
142.10000000000002,0,0.
142.20000000000002,0,0.
142.3,0,0.
142.4,0,0.
142.5,0,0.
142.60000000000002,0,0.
142.70000000000002,0,0.
142.8,0,0.
142.9,0,0.
143.,0,0.
143.10000000000002,0,0.
143.20000000000002,0,0.
143.3,0,0.
143.4,0,0.
143.5,0,0.
143.60000000000002,0,0.
143.70000000000002,0,0.
143.8,0,0.
143.9,0,0.
144.,0,0.
144.10000000000002,0,0.
144.20000000000002,0,0.
144.3,0,0.
144.4,0,0.
144.5,0,0.
144.60000000000002,0,0.
144.70000000000002,0,0.
144.8,0,0.
144.9,0,0.
145.,0,0.
145.10000000000002,0,0.
145.20000000000002,0,0.
145.3,0,0.
145.4,0,0.
145.5,0,0.
145.60000000000002,0,0.
145.70000000000002,0,0.
145.8,0,0.
145.9,0,0.
146.,0,0.
146.10000000000002,0,0.
146.20000000000002,0,0.
146.3,0,0.
146.4,0,0.
146.5,0,0.
146.60000000000002,0,0.
146.70000000000002,0,0.
146.8,0,0.
146.9,0,0.
147.,0,0.
147.10000000000002,0,0.
147.20000000000002,0,0.
147.3,0,0.
147.4,0,0.
147.5,0,0.
147.60000000000002,0,0.
147.70000000000002,0,0.
147.8,0,0.
147.9,0,0.
148.,0,0.
148.10000000000002,0,0.
148.20000000000002,0,0.
148.3,0,0.
148.4,0,0.
148.5,0,0.
148.60000000000002,0,0.
148.70000000000002,0,0.
148.8,0,0.
148.9,0,0.
149.,0,0.
149.10000000000002,0,0.
149.20000000000002,0,0.
149.3,0,0.
149.4,0,0.
149.5,0,0.
149.60000000000002,0,0.
149.70000000000002,0,0.
149.8,0,0.
149.9,0,0.
150.,0,0.
150.10000000000002,0,0.
150.20000000000002,0,0.
150.3,0,0.
150.4,0,0.
150.5,0,0.
150.60000000000002,0,0.
150.70000000000002,0,0.
150.8,0,0.
150.9,0,0.
151.,0,0.
151.10000000000002,0,0.
151.20000000000002,0,0.
151.3,0,0.
151.4,0,0.
151.5,0,0.
151.60000000000002,0,0.
151.70000000000002,0,0.
151.8,0,0.
151.9,0,0.
152.,0,0.
152.10000000000002,0,0.
152.20000000000002,0,0.
152.3,0,0.
152.4,0,0.
152.5,0,0.
152.60000000000002,0,0.
152.70000000000002,0,0.
152.8,0,0.
152.9,0,0.
153.,0,0.
153.10000000000002,0,0.
153.20000000000002,0,0.
153.3,0,0.
153.4,0,0.
153.5,0,0.
153.60000000000002,0,0.
153.70000000000002,0,0.
153.8,0,0.
153.90000000000003,0,0.
154.00000000000003,0,0.
154.10000000000002,0,0.
154.20000000000002,0,0.
154.3,0,0.
154.40000000000003,0,0.
154.50000000000003,0,0.
154.60000000000002,0,0.
154.70000000000002,0,0.
154.8,0,0.
154.90000000000003,0,0.
155.00000000000003,0,0.
155.10000000000002,0,0.
155.20000000000002,0,0.
155.3,0,0.
155.40000000000003,0,0.
155.50000000000003,0,0.
155.60000000000002,0,0.
155.70000000000002,0,0.
155.8,0,0.
155.90000000000003,0,0.
156.00000000000003,0,0.
156.10000000000002,0,0.
156.20000000000002,0,0.
156.3,0,0.
156.40000000000003,0,0.
156.50000000000003,0,0.
156.60000000000002,0,0.
156.70000000000002,0,0.
156.8,0,0.
156.90000000000003,0,0.
157.00000000000003,0,0.
157.10000000000002,0,0.
157.20000000000002,0,0.
157.3,0,0.
157.40000000000003,0,0.
157.50000000000003,0,0.
157.60000000000002,0,0.
157.70000000000002,0,0.
157.8,0,0.
157.90000000000003,0,0.
158.00000000000003,0,0.
158.10000000000002,0,0.
158.20000000000002,0,0.
158.3,0,0.
158.40000000000003,0,0.
158.50000000000003,0,0.
158.60000000000002,0,0.
158.70000000000002,0,0.
158.8,0,0.
158.90000000000003,0,0.
159.00000000000003,0,0.
159.10000000000002,0,0.
159.20000000000002,0,0.
159.3,0,0.
159.40000000000003,0,0.
159.50000000000003,0,0.
159.60000000000002,0,0.
159.70000000000002,0,0.
159.8,0,0.
159.90000000000003,0,0.
160.00000000000003,0,0.
160.10000000000002,0,0.
160.20000000000002,0,0.
160.3,0,0.
160.40000000000003,0,0.
160.50000000000003,0,0.
160.60000000000002,0,0.
160.70000000000002,0,0.
160.8,0,0.
160.90000000000003,0,0.
161.00000000000003,0,0.
161.10000000000002,0,0.
161.20000000000002,0,0.
161.3,0,0.
161.40000000000003,0,0.
161.50000000000003,0,0.
161.60000000000002,0,0.
161.70000000000002,0,0.
161.8,0,0.
161.90000000000003,0,0.
162.00000000000003,0,0.
162.10000000000002,0,0.
162.20000000000002,0,0.
162.3,0,0.
162.40000000000003,0,0.
162.50000000000003,0,0.
162.60000000000002,0,0.
162.70000000000002,0,0.
162.8,0,0.
162.90000000000003,0,0.
163.00000000000003,0,0.
163.10000000000002,0,0.
163.20000000000002,0,0.
163.3,0,0.
163.40000000000003,0,0.
163.50000000000003,0,0.
163.60000000000002,0,0.
163.70000000000002,0,0.
163.8,0,0.
163.90000000000003,0,0.
164.00000000000003,0,0.
164.10000000000002,0,0.
164.20000000000002,0,0.
164.3,0,0.
164.40000000000003,0,0.
164.50000000000003,0,0.
164.60000000000002,0,0.
164.70000000000002,0,0.
164.8,0,0.
164.90000000000003,0,0.
165.00000000000003,0,0.
165.10000000000002,0,0.
165.20000000000002,0,0.
165.3,0,0.
165.40000000000003,0,0.
165.50000000000003,0,0.
165.60000000000002,0,0.
165.70000000000002,0,0.
165.8,0,0.
165.90000000000003,0,0.
166.00000000000003,0,0.
166.10000000000002,0,0.
166.20000000000002,0,0.
166.3,0,0.
166.40000000000003,0,0.
166.50000000000003,0,0.
166.60000000000002,0,0.
166.70000000000002,0,0.
166.8,0,0.
166.90000000000003,0,0.
167.00000000000003,0,0.
167.10000000000002,0,0.
167.20000000000002,0,0.
167.3,0,0.
167.40000000000003,0,0.
167.50000000000003,0,0.
167.60000000000002,0,0.
167.70000000000002,0,0.
167.8,0,0.
167.90000000000003,0,0.
168.00000000000003,0,0.
168.10000000000002,0,0.
168.20000000000002,0,0.
168.3,0,0.
168.40000000000003,0,0.
168.50000000000003,0,0.
168.60000000000002,0,0.
168.70000000000002,0,0.
168.8,0,0.
168.90000000000003,0,0.
169.00000000000003,0,0.
169.10000000000002,0,0.
169.20000000000002,0,0.
169.3,0,0.
169.40000000000003,0,0.
169.50000000000003,0,0.
169.60000000000002,0,0.
169.70000000000002,0,0.
169.8,0,0.
169.90000000000003,0,0.
170.00000000000003,0,0.
170.10000000000002,0,0.
170.20000000000002,0,0.
170.3,0,0.
170.40000000000003,0,0.
170.50000000000003,0,0.
170.60000000000002,0,0.
170.70000000000002,0,0.
170.8,0,0.
170.90000000000003,0,0.
171.00000000000003,0,0.
171.10000000000002,0,0.
171.20000000000002,0,0.
171.3,0,0.
171.40000000000003,0,0.
171.50000000000003,0,0.
171.60000000000002,0,0.
171.70000000000002,0,0.
171.8,0,0.
171.90000000000003,0,0.
172.00000000000003,0,0.
172.10000000000002,0,0.
172.20000000000002,0,0.
172.3,0,0.
172.40000000000003,0,0.
172.50000000000003,0,0.
172.60000000000002,0,0.
172.70000000000002,0,0.
172.8,0,0.
172.90000000000003,0,0.
173.00000000000003,0,0.
173.10000000000002,0,0.
173.20000000000002,0,0.
173.3,0,0.
173.40000000000003,0,0.
173.50000000000003,0,0.
173.60000000000002,0,0.
173.70000000000002,0,0.
173.8,0,0.
173.90000000000003,0,0.
174.00000000000003,0,0.
174.10000000000002,0,0.
174.20000000000002,0,0.
174.3,0,0.
174.40000000000003,0,0.
174.50000000000003,0,0.
174.60000000000002,0,0.
174.70000000000002,0,0.
174.8,0,0.
174.90000000000003,0,0.
175.00000000000003,0,0.
175.10000000000002,0,0.
175.20000000000002,0,0.
175.3,0,0.
175.40000000000003,0,0.
175.50000000000003,0,0.
175.60000000000002,0,0.
175.70000000000002,0,0.
175.8,0,0.
175.90000000000003,0,0.
176.00000000000003,0,0.
176.10000000000002,0,0.
176.20000000000002,0,0.
176.3,0,0.
176.40000000000003,0,0.
176.50000000000003,0,0.
176.60000000000002,0,0.
176.70000000000002,0,0.
176.8,0,0.
176.90000000000003,0,0.
177.00000000000003,0,0.
177.10000000000002,0,0.
177.20000000000002,0,0.
177.3,0,0.
177.40000000000003,0,0.
177.50000000000003,0,0.
177.60000000000002,0,0.
177.70000000000002,0,0.
177.8,0,0.
177.90000000000003,0,0.
178.00000000000003,0,0.
178.10000000000002,0,0.
178.20000000000002,0,0.
178.3,0,0.
178.40000000000003,0,0.
178.50000000000003,0,0.
178.60000000000002,0,0.
178.70000000000002,0,0.
178.8,0,0.
178.90000000000003,0,0.
179.00000000000003,0,0.
179.10000000000002,0,0.
179.20000000000002,0,0.
179.3,0,0.
179.40000000000003,0,0.
179.50000000000003,0,0.
179.60000000000002,0,0.
179.70000000000002,0,0.
179.8,0,0.
179.90000000000003,0,0.
180.00000000000003,0,0.
180.10000000000002,0,0.
180.20000000000002,0,0.
180.3,0,0.
180.40000000000003,0,0.
180.50000000000003,0,0.
180.60000000000002,0,0.
180.70000000000002,0,0.
180.8,0,0.
180.90000000000003,0,0.
181.00000000000003,0,0.
181.10000000000002,0,0.
181.20000000000002,0,0.
181.3,0,0.
181.40000000000003,0,0.
181.50000000000003,0,0.
181.60000000000002,0,0.
181.70000000000002,0,0.
181.8,0,0.
181.90000000000003,0,0.
182.00000000000003,0,0.
182.10000000000002,0,0.
182.20000000000002,0,0.
182.3,0,0.
182.40000000000003,0,0.
182.50000000000003,0,0.
182.60000000000002,0,0.
182.70000000000002,0,0.
182.8,0,0.
182.90000000000003,0,0.
183.00000000000003,0,0.
183.10000000000002,0,0.
183.20000000000002,0,0.
183.3,0,0.
183.40000000000003,0,0.
183.50000000000003,0,0.
183.60000000000002,0,0.
183.70000000000002,0,0.
183.8,0,0.
183.90000000000003,0,0.
184.00000000000003,0,0.
184.10000000000002,0,0.
184.20000000000002,0,0.
184.3,0,0.
184.40000000000003,0,0.
184.50000000000003,0,0.
184.60000000000002,0,0.
184.70000000000002,0,0.
184.8,0,0.
184.90000000000003,0,0.
185.00000000000003,0,0.
185.10000000000002,0,0.
185.20000000000002,0,0.
185.3,0,0.
185.40000000000003,0,0.
185.50000000000003,0,0.
185.60000000000002,0,0.
185.70000000000002,0,0.
185.8,0,0.
185.90000000000003,0,0.
186.00000000000003,0,0.
186.10000000000002,0,0.
186.20000000000002,0,0.
186.3,0,0.
186.40000000000003,0,0.
186.50000000000003,0,0.
186.60000000000002,0,0.
186.70000000000002,0,0.
186.8,0,0.
186.90000000000003,0,0.
187.00000000000003,0,0.
187.10000000000002,0,0.
187.20000000000002,0,0.
187.3,0,0.
187.40000000000003,0,0.
187.50000000000003,0,0.
187.60000000000002,0,0.
187.70000000000002,0,0.
187.8,0,0.
187.90000000000003,0,0.
188.00000000000003,0,0.
188.10000000000002,0,0.
188.20000000000002,0,0.
188.3,0,0.
188.40000000000003,0,0.
188.50000000000003,0,0.
188.60000000000002,0,0.
188.70000000000002,0,0.
188.8,0,0.
188.90000000000003,0,0.
189.00000000000003,0,0.
189.10000000000002,0,0.
189.20000000000002,0,0.
189.3,0,0.
189.40000000000003,0,0.
189.50000000000003,0,0.
189.60000000000002,0,0.
189.70000000000002,0,0.
189.8,0,0.
189.90000000000003,0,0.
190.00000000000003,0,0.
190.10000000000002,0,0.
190.20000000000002,0,0.
190.3,0,0.
190.40000000000003,0,0.
190.50000000000003,0,0.
190.60000000000002,0,0.
190.70000000000002,0,0.
190.8,0,0.
190.90000000000003,0,0.
191.00000000000003,0,0.
191.10000000000002,0,0.
191.20000000000002,0,0.
191.3,0,0.
191.40000000000003,0,0.
191.50000000000003,0,0.
191.60000000000002,0,0.
191.70000000000002,0,0.
191.8,0,0.
191.90000000000003,0,0.
192.00000000000003,0,0.
192.10000000000002,0,0.
192.20000000000002,0,0.
192.3,0,0.
192.40000000000003,0,0.
192.50000000000003,0,0.
192.60000000000002,0,0.
192.70000000000002,0,0.
192.8,0,0.
192.90000000000003,0,0.
193.00000000000003,0,0.
193.10000000000002,0,0.
193.20000000000002,0,0.
193.3,0,0.
193.40000000000003,0,0.
193.50000000000003,0,0.
193.60000000000002,0,0.
193.70000000000002,0,0.
193.8,0,0.
193.90000000000003,0,0.
194.00000000000003,0,0.
194.10000000000002,0,0.
194.20000000000002,0,0.
194.3,0,0.
194.40000000000003,0,0.
194.50000000000003,0,0.
194.60000000000002,0,0.
194.70000000000002,0,0.
194.8,0,0.
194.90000000000003,0,0.
195.00000000000003,0,0.
195.10000000000002,0,0.
195.20000000000002,0,0.
195.3,0,0.
195.40000000000003,0,0.
195.50000000000003,0,0.
195.60000000000002,0,0.
195.70000000000002,0,0.
195.8,0,0.
195.90000000000003,0,0.
196.00000000000003,0,0.
196.10000000000002,0,0.
196.20000000000002,0,0.
196.3,0,0.
196.40000000000003,0,0.
196.50000000000003,0,0.
196.60000000000002,0,0.
196.70000000000002,0,0.
196.8,0,0.
196.90000000000003,0,0.
197.00000000000003,0,0.
197.10000000000002,0,0.
197.20000000000002,0,0.
197.3,0,0.
197.40000000000003,0,0.
197.50000000000003,0,0.
197.60000000000002,0,0.
197.70000000000002,0,0.
197.8,0,0.
197.90000000000003,0,0.
198.00000000000003,0,0.
198.10000000000002,0,0.
198.20000000000002,0,0.
198.3,0,0.
198.40000000000003,0,0.
198.50000000000003,0,0.
198.60000000000002,0,0.
198.70000000000002,0,0.
198.8,0,0.
198.90000000000003,0,0.
199.00000000000003,0,0.
199.10000000000002,0,0.
199.20000000000002,0,0.
199.3,0,0.
199.40000000000003,0,0.
199.50000000000003,0,0.
199.60000000000002,0,0.
199.70000000000002,0,0.
199.8,0,0.
199.90000000000003,0,0.
200.,0,0.
